{
  "main": {
    "id": "344d1919b872585a",
    "type": "split",
    "children": [
      {
        "id": "ae0f41b3a1c7744b",
        "type": "tabs",
        "children": [
          {
            "id": "117f3048a45a3274",
            "type": "leaf",
            "state": {
              "type": "markdown",
              "state": {
                "file": "Отчет.md",
                "mode": "source",
                "source": false
              },
              "icon": "lucide-file",
              "title": "Отчет"
            }
          },
          {
            "id": "4e3f0d2596a5b99a",
            "type": "leaf",
            "state": {
              "type": "markdown",
              "state": {
                "file": "Установка MySQL.md",
                "mode": "source",
                "source": false
              },
              "icon": "lucide-file",
              "title": "Установка MySQL"
            }
          }
        ],
        "currentTab": 1
      }
    ],
    "direction": "vertical"
  },
  "left": {
    "id": "1ae0b9b5b0e4bdbc",
    "type": "split",
    "children": [
      {
        "id": "e723f76eecd05e76",
        "type": "tabs",
        "children": [
          {
            "id": "096b64d23e7c6659",
            "type": "leaf",
            "state": {
              "type": "file-explorer",
              "state": {
                "sortOrder": "alphabetical"
              },
              "icon": "lucide-folder-closed",
              "title": "Files"
            }
          },
          {
            "id": "743593d4be949d6c",
            "type": "leaf",
            "state": {
              "type": "search",
              "state": {
                "query": "",
                "matchingCase": false,
                "explainSearch": false,
                "collapseAll": false,
                "extraContext": false,
                "sortOrder": "alphabetical"
              },
              "icon": "lucide-search",
              "title": "Search"
            }
          },
          {
            "id": "940cff36cab7be06",
            "type": "leaf",
            "state": {
              "type": "bookmarks",
              "state": {},
              "icon": "lucide-bookmark",
              "title": "Bookmarks"
            }
          }
        ]
      }
    ],
    "direction": "horizontal",
    "width": 200
  },
  "right": {
    "id": "e60b8bd6f0cff642",
    "type": "split",
    "children": [
      {
        "id": "43e419a0324f2dda",
        "type": "tabs",
        "children": [
          {
            "id": "edb6fe4585a99493",
            "type": "leaf",
            "state": {
              "type": "backlink",
              "state": {
                "file": "Установка MySQL.md",
                "collapseAll": false,
                "extraContext": false,
                "sortOrder": "alphabetical",
                "showSearch": false,
                "searchQuery": "",
                "backlinkCollapsed": false,
                "unlinkedCollapsed": true
              },
              "icon": "links-coming-in",
              "title": "Backlinks for Установка MySQL"
            }
          },
          {
            "id": "b0ffa76f999b1a4b",
            "type": "leaf",
            "state": {
              "type": "outgoing-link",
              "state": {
                "file": "Установка MySQL.md",
                "linksCollapsed": false,
                "unlinkedCollapsed": true
              },
              "icon": "links-going-out",
              "title": "Outgoing links from Установка MySQL"
            }
          },
          {
            "id": "4fe82f3b140c6d31",
            "type": "leaf",
            "state": {
              "type": "tag",
              "state": {
                "sortOrder": "frequency",
                "useHierarchy": true
              },
              "icon": "lucide-tags",
              "title": "Tags"
            }
          },
          {
            "id": "0a14ec0d1144257a",
            "type": "leaf",
            "state": {
              "type": "outline",
              "state": {
                "file": "Установка MySQL.md"
              },
              "icon": "lucide-list",
              "title": "Outline of Установка MySQL"
            }
          }
        ]
      }
    ],
    "direction": "horizontal",
    "width": 300,
    "collapsed": true
  },
  "left-ribbon": {
    "hiddenItems": {
      "switcher:Open quick switcher": false,
      "graph:Open graph view": false,
      "canvas:Create new canvas": false,
      "daily-notes:Open today's daily note": false,
      "templates:Insert template": false,
      "command-palette:Open command palette": false
    }
  },
  "active": "4e3f0d2596a5b99a",
  "lastOpenFiles": [
    "Установка Apache 2.md",
    "Установка MySQL.md",
    "Отчет.md",
    "Настройка Ubuntu 24.10.md",
    "Cache/Pasted image 20241108142530.png",
    "Cache/Pasted image 20241108142153.png",
    "Cache/Pasted image 20241108141845.png",
    "Cache/Pasted image 20241108141710.png",
    "Cache",
    "Welcome.md"
  ]
}